_id,code,name,telephone,email,client_address1,client_address2,client_address3,client_city,client_postcode,remp_client_contactISbb_encore_client_contactsID,debtorISbb_usersID_IN_Debtors,vatableYN,calendar_color,logoISfile,waste_coordinatorISbb_usersID_IN_Staff,xero_account_number,sic_code,uninvoiced_total_thresholdNUM,archivedYN,_apikey,_deleted,_authorid,_dateadded,_modifierid,_datemodified
1,PAR01,"Interserve Construction Ltd ( Paragon Div )","020 3457 9800",INFO@INTPARAGON.COM,"30 Eastcheap","Billingsgate,",,London,"EC3M 1HD",,,1,#0033FF,portal/encore/UserFiles/SysDocs/bb_encore_clients/10000/1/Logo.PNG,20,INTER02,41201,1.00000000,0,030cc58f1522a21421186bdc53f1025d,0,1,"2016-01-21 10:57:00",9,"2020-12-02 15:40:52"
2,OVE01,"Overbury Central","0121 748 8600",danny.parmar@overbury.com,"207 Fort Dunlop","Fort Parkway",,Birmingham,"B24 9FD",,,1,#FFCC33,portal/encore/UserFiles/SysDocs/bb_encore_clients/10000/2/overbury1.png,9,OVE001,41201,1.00000000,0,71197dc4c03d9365a718b11dfa14665c,0,7,"2016-02-09 11:32:24",9,"2019-12-09 10:46:26"
3,COL01,"Collins Construction Ltd","020 8681 4500",p.martin@collins-construction.com,"No 1",Croydon,"12 -16 Addiscombe Road",,"CR0 0XT",468,,1,#FF6600,"portal/encore/UserFiles/SysDocs/bb_encore_clients/10000/3/collins logo.jpg",9,COL001,41201,1.00000000,1,bb3f6c1f791b71831c9e01b964627c8e,0,7,"2016-02-09 11:41:02",9,"2019-11-27 20:19:52"
4,BRO01,"Brown and Bancroft",01619740200,sales@brownandbancroft.co.uk,"St Georges House","St Georges Road",Bolton,,"BL1 2EN",,,1,#CC00FF,"portal/encore/UserFiles/SysDocs/bb_encore_clients/10000/4/B&B Interiors.png",,,41201,1.00000000,1,5c7dc47eb5b5e08f579e6be73f374d65,0,7,"2016-02-09 11:41:30",32,"2019-11-28 11:08:39"
5,DSG01,"DSG Retail Plc (Currys)","0344 561 1234",customer.services@currys.co.uk,"1 Portal Way,",,,London,"W3 6RS",,,1,#99CC00,portal/encore/UserFiles/SysDocs/bb_encore_clients/10000/5/Currys.png,9,DSG001,41201,1.00000000,1,fc505945713356f96a4a355503ebccbd,0,7,"2016-02-09 11:43:46",32,"2019-11-28 11:27:02"
6,ONE01,"One Hundred Partnership","020 7928 0607",info@onehundredpartnerships.com,"1-5 Clerkenwell Road",,,London,"EC1M 5PE",,,1,#FF0000,portal/encore/UserFiles/SysDocs/bb_encore_clients/10000/6/100.png,9,OHP001,41201,1.00000000,1,da6fbc7229e226894696113b131d7136,0,7,"2016-02-09 11:44:04",32,"2019-11-28 12:08:04"
7,INT01,"Interserve Construction","0203 267 1200",info@interserve.com,"91 Waterloo Road",Lambeth,,London,"SE1 8RT",,,1,#FF00CC,portal/encore/UserFiles/SysDocs/bb_encore_clients/10000/7/Interservelogo1.png,9,INTER01,41201,1.00000000,1,a2f0e8f980c26e4ce8570443f41acb43,0,7,"2016-02-09 11:44:23",9,"2019-11-27 20:24:09"
8,ART01,Artez,01204364777,mikeroberts@artezgroup.co.uk,"Unit C, Lostock Office Park,","Lynstock Way",Lostock,Bolton,"BL6 4SG",,,1,,"portal/encore/UserFiles/SysDocs/bb_encore_clients/10000/8/Screen Shot 2016-10-04 at 15.54.25.png",9,ART001,41201,1.00000000,1,56ff8b6ec318ad867bf8b8c1c871b5b1,0,7,"2016-02-09 11:44:35",32,"2019-11-28 10:53:54"
9,LAN01,"Land Securities","0207 413 9000",enquiries@landsec.com,"100 Victoria Street",,,London,"SW1E 5JL",,,1,#00CCFF,portal/encore/UserFiles/SysDocs/bb_encore_clients/10000/9/Landsec.jpg,,LAN001,41201,1.00000000,1,21876f880669181bb85c4c446259d680,0,7,"2016-02-09 11:44:57",32,"2019-11-28 11:47:44"
10,ARE01,Area,02070896000,info@area.co.uk,"5th Floor","Counting House","53 Tooley Street",London,"SE1 2QN",,,1,#FF0066,portal/encore/UserFiles/SysDocs/bb_encore_clients/10000/10/area.jpg,9,ARE001,43999,1.00000000,1,409031f754a9121c9dae9ac606052e8f,0,7,"2016-02-09 13:47:21",32,"2019-12-19 12:33:12"
11,ENC01,"Encore Environment",016040496987,info@encore-environment.com,"Unit 1 Home Farm",Sywell,,Northamptonshire,"NN6 OBQ",,,1,#CC99FF,portal/encore/UserFiles/SysDocs/bb_encore_clients/10000/11/Encore.png,9,,41201,1.00000000,0,d5c9852af1d671ff4aae944bf08bf881,0,7,"2016-03-22 12:22:03",9,"2020-07-23 08:38:59"
12,SCI01,"Science Museum Group","0333 241 4000",info@sciencemuseum.ac.uk,"Exhibition Rd,",,"South Kensington",London,"SW7 2DD",,,1,#FFFF33,"portal/encore/UserFiles/SysDocs/bb_encore_clients/10000/12/Science Museum.png",,,41201,1.00000000,1,fbb6660b55bde98822eef78ed46e0811,0,7,"2016-03-29 16:43:09",32,"2019-11-28 12:25:35"
13,CAP01,"Caps Group Limited",01625467900,lucy.sparks@caps-group.com,"Zenith House","Cromwell Road",Bredbury,Stockport,"SK6 2RF",,,1,#999999,portal/encore/UserFiles/SysDocs/bb_encore_clients/10000/13/CAPS_Group_logo_RGB.png,9,CAP001,41201,1.00000000,0,dfcf9398427951de886e6c20e0abde1b,0,7,"2016-05-04 09:27:13",32,"2020-05-29 15:10:08"
51,HOL01,"Holmes Metrobuild","01689 452950",enquiries@weareholmes.co.uk,"218 Main Road",,"Biggin Hill",Kent,"TN16 3BD",412,,1,#A9A9A9,portal/encore/UserFiles/SysDocs/bb_encore_clients/10000/51/Metrobuild.jpg,9,HMB001,82990,1.00000000,0,03d6d89db30e42c7ece190c4c73361c9,0,7,"2016-10-21 15:49:52",20,"2018-10-31 14:18:29"
52,INT02,"Interserve Construction - Paragon Office","020 3457 9800",wecan@intparagon.com,"111 Old Broad Street",,,London,"EC2N 1AP",,,1,#0033FF,portal/encore/UserFiles/SysDocs/bb_encore_clients/10000/52/Interservelogo1.png,20,INTER03,41201,1.00000000,0,9b1f467d90b22a4402520eafca04df23,0,7,"2016-12-16 10:44:03",31,"2019-11-18 11:30:33"
53,E401,"E4 Environmental Ltd","0114 2454449",beckydransfield@e4ltd.co.uk,"E4 Environmental Ltd","13a Provincial Park","Nether Lane",Sheffield,"S35 9ZX",,,1,#006699,"portal/encore/UserFiles/SysDocs/bb_encore_clients/10000/53/E4 Environment.jpg",11,,41201,1.00000000,1,ffdd946d74989cf4885e4efe2596eae2,0,11,"2017-01-18 11:36:57",32,"2019-11-28 11:29:35"
54,BC001,"Bourne Capital","020 7960 4141",info@bournecapital.com,"Capital Tower","91 Waterloo Road",,London,"SE1 8RT",,,1,#00CCCC,portal/encore/UserFiles/SysDocs/bb_encore_clients/10000/54/BOURNE-CAPITAL.jpg,11,BOU001,41201,1.00000000,1,2f54bde16078d4c995c740afe5084271,0,14,"2017-03-16 16:34:45",32,"2019-11-28 11:01:14"
55,ADL001,"ADL Drywall Group","0870 4020320",info@adl-group.co.uk,"Unit 2","218 New Road",Ascot,Berkshire,"SL5 8PS",472,,1,#CC6633,portal/encore/UserFiles/SysDocs/bb_encore_clients/10000/55/ADL.png,20,ADL001,43310,1.00000000,1,71605ad6bb208805c686f696b00e758d,0,14,"2017-03-22 15:37:55",32,"2019-11-28 10:51:29"
56,PAR002,"Paragon - Private",,,,,,,,,,1,#99CC66,,9,,,,0,8246216783650763ed6b60ddc3f49882,0,14,"2017-03-29 10:38:01",9,"2020-04-28 11:31:41"
57,VOR001,"Vortex Interiors Ltd","01342 719004",simon@vortexinteriors.com,"Unit 2","Hollybush Business Centre","Shipley Bridge Lane",Horley,"RH6 9TL",481,,1,#669900,"portal/encore/UserFiles/SysDocs/bb_encore_clients/10000/57/Vortex logo 1.png",9,VOR001,41201,1.00000000,1,a67e83acc7cab527d797648f8430a2f1,0,7,"2017-08-07 14:25:00",32,"2019-11-28 12:33:24"
58,PRO7,"Project7 Construction Ltd","01895 813 627",matt.clarke@p7.co.uk,"54 Oxford Road",Uxbridge,,Middlesex,"UB9 4DN",675,,1,#9999CC,"portal/encore/UserFiles/SysDocs/bb_encore_clients/10000/58/Project7 Text.png",9,PRO001,43999,1.00000000,0,054e816a016981dab72eaaf337fd9ac4,0,7,"2017-08-16 11:13:46",9,"2020-11-20 08:28:48"
59,ROK01,"Roker Group","01206 578 708",contact@rokergroup.co.uk,"22 Seaview Ave","West Mersea",,Colchester,"CO5 8HE",505,,1,#990033,portal/encore/UserFiles/SysDocs/bb_encore_clients/10000/59/roker-group-website-banner.jpg,9,ROK001,41100,1.00000000,1,26a08932b40cd14776f82b0492775806,0,9,"2017-09-05 09:34:35",32,"2019-11-28 12:24:04"
60,WIN01,Winvic,"01604 678960",mail@winvic.co.uk,"19 Tenter Road","Moulton Park",,Northampton,"NN3 6PZ",543,,1,#FF99CC,"portal/encore/UserFiles/SysDocs/bb_encore_clients/10000/60/Screen Shot 2017-09-22 at 15.25.26.png",9,,41201,1.00000000,1,40614030c3696c8e5bf604063293f871,0,9,"2017-09-21 08:39:54",32,"2019-11-28 12:34:57"
61,KAJ001,Kajima,"020 3075 1800",enquiries@kajima.co.uk,"55 Baker Street",,,London,"W1U 8EW",,,1,,portal/encore/UserFiles/SysDocs/bb_encore_clients/10000/61/kajima_default.jpg,9,KAJ001,41201,1.00000000,1,566cf9b82c082a0ac321093a25eceedb,0,9,"2017-10-04 15:13:08",32,"2019-11-28 11:43:26"
62,QOB001,"QOB Interiors","0203 755 3209",info@QOBinteriors.com,"100 Borough High Street",,,London,"SE1 1NL",532,,1,#009900,"portal/encore/UserFiles/SysDocs/bb_encore_clients/10000/62/QOBinteriors logo.png",9,,43390,1.00000000,1,4cabee07738da8d554c3480f89113e35,0,20,"2017-10-09 11:27:35",32,"2019-11-28 12:20:32"
64,KHAR001,"Knight Harwood","020 7499 0808",info@knightharwood.com,"Josaron House","5-7 John Princeâ€™s Street",,London,"W1G 0JN",,,1,,portal/encore/UserFiles/SysDocs/bb_encore_clients/10000/64/knight-harwood-3.jpg,9,KNH001,41201,1.00000000,1,1b6b8f86bcb2f548924b8c0e039f8907,0,9,"2017-10-16 08:43:56",32,"2019-11-28 11:46:08"
66,BRITISH001,"British Land",02074864466,info@britishland.com,Yorkhouse,"45 Seymour Street",,London,"WH1 7LX",,,1,,"portal/encore/UserFiles/SysDocs/bb_encore_clients/10000/66/British Land.jpg",,,41201,1.00000000,1,4de399a4d7d0d56dcbb3287f6436775a,0,9,"2017-11-14 09:50:34",32,"2019-11-28 11:05:51"
67,COWOL,"Corley & Woolley","020 3667 5501",info@corleywoolley.com,"1St Floor,","23 Finsbury House",,London,"EC2M 7EA",,,1,,portal/encore/UserFiles/SysDocs/bb_encore_clients/10000/67/CW.png,,,41201,1.00000000,1,bd5cfa5728cbe745cef8ed4aefb56d2a,0,9,"2017-11-17 13:11:34",32,"2019-11-28 11:21:06"
68,FAR,Farrans,"01763 850600",afuller@farrans.com,"New Cambridge House","Bassingbourn Road",Litlington,Royston,"SG8 0SS",605,,1,#33CC33,"portal/encore/UserFiles/SysDocs/bb_encore_clients/10000/68/Screen Shot 2018-01-04 at 16.06.14.png",9,FAR001,41201,1.00000000,0,4d494d16a4fd888f43ed91d69dc0ea56,0,9,"2017-12-06 12:38:59",9,"2020-11-20 08:31:05"
69,PAG,PAG,"0161 302 2455  01282 930285",enquiry@pagconstruction.co.uk,"1A Chadwick Road",Eccles,Manchester,Lancastershire,"M30 0NZ",,,1,,portal/encore/UserFiles/SysDocs/bb_encore_clients/10000/69/PAG.png,9,,41201,1.00000000,1,ea85fe8da4a890ed1162ffe94edaf7c0,0,9,"2017-12-06 12:39:57",32,"2019-11-28 12:13:35"
70,MORSIN,"Morgan Sindall","020 7307 9200",enquiries@morgansindall.com,"4th Floor","Londin Gate","72 Dyke Road Drive",Brighton,"BN1 6AJ",,,1,,portal/encore/UserFiles/SysDocs/bb_encore_clients/10000/70/morgan-sindall_owler_20170405_163436_original.png,9,,41201,1.00000000,0,61dd9ea525497431453eb994ecac938c,0,9,"2017-12-06 12:40:33",9,"2020-12-10 14:08:06"
71,BUCK,"Buckingham Group","01280 823355",katie.abbott@buckinghamgroup.co.uk,"Silverstone Road",Stowe,,Bucks,"MK18 5LJ",564,,1,#CC0033,"portal/encore/UserFiles/SysDocs/bb_encore_clients/10000/71/Screen Shot 2017-12-06 at 12.20.43.png",9,,41201,1.00000000,1,502e1028a5992582b17adc2a0d396f7f,0,9,"2017-12-06 12:41:58",9,"2019-11-27 20:19:24"
72,STYLES,"Styles & Wood","0161 926 6000",media@extentiagroup.co.uk,"99 Charterhouse Street",,Clerkenhall,London,"EC1M 6HR",,,1,,portal/encore/UserFiles/SysDocs/bb_encore_clients/10000/72/Extentia.jpg,9,,41201,1.00000000,1,d943d4ecccfcf66869764cde1196f749,0,9,"2017-12-06 12:46:36",32,"2019-11-28 12:29:39"
73,KIER,Kier,"0203 280 6000",foleystreetreception@kier.co.uk,"33 Foley Street",,,London,"W1W 7TL",,,1,,portal/encore/UserFiles/SysDocs/bb_encore_clients/10000/73/Kier.png,9,,41201,1.00000000,1,bce97cb324c1b2207b0f197f45e4af29,0,9,"2017-12-06 12:47:00",32,"2019-11-28 11:45:09"
74,OTHER,OTHER,,,,,,,,,,1,,,9,,,,0,cb3c4940ba8331c636e7aa76b3baee36,0,9,"2017-12-12 12:18:22",9,"2020-11-13 13:02:42"
75,LOG01,"Logan Construction","01322 443270",calvin.bennett@loganconstruction.co.uk,"Unit 7 Green Lane Business Park","Green Lane",Eltham,London,"SE9 3TL",577,,1,,portal/encore/UserFiles/SysDocs/bb_encore_clients/10000/75/logan-construction-logo_250x61.png,9,,41201,1.00000000,1,1f8b5b74955695fbd42309bf649b9dc7,0,9,"2018-01-04 11:46:49",32,"2019-11-28 11:48:50"
76,MCGOFF01,"McGoff Construction Ltd","0161 927 2940",tristan.marshall@mcgoffgroup.com,"Mayfield House","Lyon Road","Atlantic Street",Altrincham,"WA14 5EF",579,,1,#FF0000,portal/encore/UserFiles/SysDocs/bb_encore_clients/10000/76/AAEAAQAAAAAAAAxNAAAAJDFlNDVlMmI5LTkxMmItNDFhZS04ZDVkLThhNTRjYTIwZGM1ZQ.png,9,,41201,1.00000000,1,1d3648d77ea8fbcf9f289ec45d768c7e,0,9,"2018-01-11 10:57:26",32,"2019-11-28 11:57:18"
77,QUEST,"Quest Interiors","020 7460 2617",info@questinteriors.com,"Quest Interiors","London Studio 2","109 Gloucester Road",London,"SW7 4SS",585,,1,,portal/encore/UserFiles/SysDocs/bb_encore_clients/10000/77/logo-web.png,9,,41201,1.00000000,1,686b3abb344dba4fbec456f8ffa29da0,0,9,"2018-01-15 12:05:26",32,"2019-11-28 12:21:05"
78,CSB01,"CSB Logistics","020 8293 1282",matt.barker@csblogistics.com,"669 Woolwich Road",Charlton,,London,"SE7 8LH",596,,1,#FF0033,portal/encore/UserFiles/SysDocs/bb_encore_clients/10000/78/CSB.jpg,11,CSB001,41201,1.00000000,1,c52b8b4d28d39acf5ecbce0bd93970ca,0,9,"2018-02-22 12:02:38",32,"2019-11-28 11:22:34"
79,"COS - 001","Cosmur Construction","0207 604 2277",info@cosmur.co.uk,"72 Saulsbury Road",,,London,"NW6 6NU",617,,1,#66FFFF,"portal/encore/UserFiles/SysDocs/bb_encore_clients/10000/79/Screen Shot 2018-04-16 at 13.44.34.png",19,,41201,1.00000000,1,6d2c7aa1ec4c970c5ffa20f1fb7071a7,0,19,"2018-04-16 13:50:05",32,"2019-11-28 11:21:54"
80,SQ1,"Square One Construction","01794 329001",info@squareoneconstruction.co.uk,"12 West Links",,Eastleigh,Hampshire,"SO53 3TG",621,,1,#0033FF,"portal/encore/UserFiles/SysDocs/bb_encore_clients/10000/80/Screen Shot 2018-04-18 at 12.23.16.png",19,,41201,1.00000000,1,05e7cc094482f059f7254d13423b457f,0,19,"2018-04-18 12:24:41",32,"2019-11-28 12:27:05"
81,BB001,"Balfour Beatty","0113 821 3400",ian.parker2@balfourbeatty.com,"2100 Century Way","Thorpe Park",,Leeds,"LS15 8ZB",,,1,,"portal/encore/UserFiles/SysDocs/bb_encore_clients/10000/81/Screen Shot 2018-05-04 at 12.39.30.png",19,,41201,1.00000000,1,5299ace0b9779356936340051addfb6b,0,19,"2018-05-04 12:40:28",32,"2019-11-28 10:55:24"
82,F001,Fortem,"01709 538 247",matin.stewart@fortem.co.uk,"Swanage Court","Dodds Close","Broadmarsh Business Park",Rotherham,"S60 1BX",,,1,,"portal/encore/UserFiles/SysDocs/bb_encore_clients/10000/82/Screen Shot 2018-05-04 at 12.44.26.png",19,,41201,1.00000000,1,4edcedd0f5f5f85f11749435dcde0565,0,19,"2018-05-04 12:44:54",32,"2019-11-28 12:37:03"
83,001TD,"Tower Demolition","0207 232 1882",info@towerdemolition.co.uk,"Tower Bridge Busines Complex","B504 - 506 Drummond Road",,London,"SE16 4DU",635,,1,#66FF99,"portal/encore/UserFiles/SysDocs/bb_encore_clients/10000/83/Screen Shot 2018-05-11 at 11.44.04.png",,,41201,1.00000000,1,6621e3a77326e06cb378f32155df6a0e,0,19,"2018-05-11 11:51:00",32,"2019-11-28 12:32:39"
84,RH001,"Rhino Interiors Group","02476 675999",info@rhinooffice.co.uk,"Brookside House","Burnsall Road",,Coventry,"CV5 6BU",,,1,,"portal/encore/UserFiles/SysDocs/bb_encore_clients/10000/84/Rhhion 1.jpg",9,,41201,1.00000000,1,50d4514c34d9f60dbf199aa2e4e3a679,0,9,"2018-05-11 12:56:24",32,"2019-11-28 12:21:37"
85,BAX001,Baxall,"01892 831000",enquiries@baxallconstruction.co.uk,"Eastlands Estate","Maidstone Road","Paddock Wood",Kent,"TN12 6BU",,,1,,portal/encore/UserFiles/SysDocs/bb_encore_clients/10000/85/Baxall_20Logo_20Portrait.jpg,9,,41201,1.00000000,1,ac9886aec05da0d81bfe77b48d70b101,0,9,"2018-05-18 15:14:28",32,"2019-11-28 10:56:05"
86,BK001,"Bowmer & Kirkland","01773 853131",info@bandk.co.uk,"High Edge Court",Heage,Belper,Derbyshire,"DE56 2BW",,,1,,portal/encore/UserFiles/SysDocs/bb_encore_clients/10000/86/Standard-Logo-e1486476227345.png,,,41201,1.00000000,1,6ed44103b9b265eebaebf19f732c7985,0,9,"2018-05-23 11:39:40",32,"2019-11-28 11:03:06"
87,COBRA001,"Cobra Projects","01622 790140",sales@cobraprojects.com,"8 Yew Tree Industrial Estate","Mill Hall",Aylesford,Kent,"ME20 7ET",,,1,#9900FF,,9,COB001,41201,1.00000000,0,4a049dc978f719ec3cba414a4f68e586,0,9,"2018-05-24 16:10:06",9,"2020-08-28 08:03:32"
88,BY001,Bouygues,"0207401 0020",communications@bouygues-uk.com,"1 Lambeth Palace Road",,,London,"SE1 7EU",654,,1,#FF6600,"portal/encore/UserFiles/SysDocs/bb_encore_clients/10000/88/Screen Shot 2018-06-06 at 08.39.50.png",11,BOY001,41201,1.00000000,1,0b6fc9986d52109a1ae17eabc029983e,0,19,"2018-06-06 08:38:08",32,"2019-11-28 11:02:24"
89,ODI001,"OD Interiors","020 7562 7800",info@od-group.com,"9th Floor","55 Old Broad Street",,London,"EC2M 1RX",,,1,#669933,portal/encore/UserFiles/SysDocs/bb_encore_clients/10000/89/dvML0VGp_400x400.jpeg,9,ODI001,41201,1.00000000,0,7ef2319c73801a48697b254136b60b0f,0,9,"2018-06-27 12:59:10",9,"2020-11-20 08:29:17"
90,PARK,Parkeray,"0207 378 4567",chris.blencowe@parkeray.co.uk,"Bridge House","4 Borough High Street",,London,"SE1 9QQ",,,1,,"portal/encore/UserFiles/SysDocs/bb_encore_clients/10000/90/Screen Shot 2018-06-27 at 13.42.01.png",19,,41201,1.00000000,1,e6a1c82d1a327e2b6eea6bf3773567a8,0,19,"2018-06-27 13:42:51",32,"2019-11-28 12:19:06"
91,WA01,"Wates Construction","01372 861 000",info@wates.co.uk,"Wates House","Station Approach",,Leatherhead,"KT22 7SW",,,1,#FFCCFF,"portal/encore/UserFiles/SysDocs/bb_encore_clients/10000/91/Screen Shot 2018-07-04 at 16.44.18.png",19,WAT001,41201,1.00000000,1,f35571118081517ae983cfa57dc9b7ae,0,19,"2018-07-04 16:48:30",32,"2019-11-28 12:33:57"
92,MATRIX01,Matrixoics,0207630770,info@matrixoics.co.uk,"16 Rochester Row",Westminster,,London,"SW1P 1NS",,,1,#993366,portal/encore/UserFiles/SysDocs/bb_encore_clients/10000/92/Matrix-.png,11,MAT001,41201,1.00000000,1,74390591f8cc66c3b729cfc542b6801f,0,11,"2018-11-14 15:33:56",32,"2019-11-28 11:56:41"
93,DCP001,DCP,"0208 123 9813",enquiries@dcplimited.co.uk,"38 Sandy Lane North",Wallington,,Surrey,"SM6 8JX",,,1,#00CCFF,portal/encore/UserFiles/SysDocs/bb_encore_clients/10000/93/DCP.jpg,9,DUL001,43290,1.00000000,0,9b7c9f6762edc55c4c1e89ed061bf35e,0,9,"2018-11-16 12:07:08",9,"2020-11-20 08:30:51"
94,TGM001,"TGM Contractors Ltd","0208 1239813  01753 888 031",info@tgmcontractors.co.uk,"Westminster House","Gerrards Cross",,Buckinghamshire,"SL9 8Hy",,,1,#FFCCCC,portal/encore/UserFiles/SysDocs/bb_encore_clients/10000/94/tgm_logo_150x79.png,20,TGB001,43290,1.00000000,0,912b89eadd5b37555b6f8086c4738a9c,0,9,"2018-11-26 09:28:57",31,"2019-11-15 14:26:43"
95,SPMET001,"Speller Metcalfe","01684 571200",Cameron.Scott@spellermetcalfe.com,"Maple Road","Enigma Business Park",Malvern,Worcester,"WR14 1GQ",,,1,#FF9933,portal/encore/UserFiles/SysDocs/bb_encore_clients/10000/95/Speller.png,9,SPE001,41201,1.00000000,0,45a875a2e5e9521c7fc38e5486abfe26,0,9,"2018-12-19 09:23:23",32,"2019-11-28 12:26:30"
96,BRI001,"Bridge Interiors","01509 632610",jason@bridgeinteriors.co.uk,"Unit 20, Meadow Lane Industrial Units","Gordon Road",Loughborough,Leicestershire,"LE11 1JP",,,1,#99CCCC,portal/encore/UserFiles/SysDocs/bb_encore_clients/10000/96/Bridge-Logo.jpg,9,BRI001,43390,1.00000000,1,d9d384cb9c2d297c77a83c0e98c4046a,0,9,"2018-12-19 10:30:21",9,"2019-11-27 20:14:13"
97,AX001,"Axis Europe- Brentford","020 7564 2100",info@axiseurope.com,"145 - 149 Vauxhall Street",,,London,"SE11 5RH",,,1,#999900,"portal/encore/UserFiles/SysDocs/bb_encore_clients/10000/97/Axis Logo CMYK.jpg",9,AXI001,43999,1.00000000,1,16843081af574fd8815716a4bedcbb30,0,9,"2018-12-19 15:32:27",9,"2019-11-27 20:12:43"
98,MB001,"Michael Brady Ltd","020 8900 2345",info@michaelbradyltd.co.uk,"Monument House","215 Marsh Road",,Pinner,"HA5 5NE",,,1,#FF0099,portal/encore/UserFiles/SysDocs/bb_encore_clients/10000/98/Capture.PNG,9,MIC001,41201,1.00000000,0,b063d7ab471acdf337d755250fe73a4e,0,9,"2019-01-09 15:00:07",9,"2019-02-18 09:53:40"
99,OKT001,Oktra,"020 7553 9500",dkingma@oktra.co.uk,"First Floor","322 High Holborn",,London,"WC1V 7PB",742,,1,#CC9999,portal/encore/UserFiles/SysDocs/bb_encore_clients/10000/99/OKTRA.png,9,OKT001,41201,1.00000000,0,e9ce8c42722eb9a49bf2dd79b7db0cef,0,11,"2019-01-10 10:56:12",9,"2020-01-01 19:47:34"
100,SPACEAS01,"Space and Solutions","0203 740 1080",hello@spaceandsolutions.com,"21 Ironmonger Lane",,,London,"EC2V 8EY",,,1,#FFCC99,"portal/encore/UserFiles/SysDocs/bb_encore_clients/10000/100/Logo image 07.02.19.jpg",11,SPA001,41201,1.00000000,1,80d80fc5999ea424ede2d365d615701f,0,11,"2019-02-07 14:23:22",32,"2019-11-28 12:26:09"
101,NBCON01,"NB Consultants Ltd","01206 271400",natalie@nbconsultantsltd.co.uk,"Yewtree House","Colchester Road","White Colne",Essex,"CO6 2PP",,,1,#66CC33,portal/encore/UserFiles/SysDocs/bb_encore_clients/10000/101/Logo.gif,20,NBCON01,41201,1.00000000,1,9b42243b7bc5cbc1e0f0c5cf7d2a8c33,0,11,"2019-02-20 08:56:18",32,"2019-11-28 12:03:38"
102,NUCOM01,NUCOM,"020 7600 5334",www.nucominteriors.com,"15 Basinghall Street",,,London,"EC2V 5BR",,,1,,portal/encore/UserFiles/SysDocs/bb_encore_clients/10000/102/nucom-logo.png,11,,41201,1.00000000,1,2c14a7e0f1312f170e033c13f2088b8b,0,11,"2019-02-27 13:39:55",32,"2019-11-28 12:04:06"
103,WEWO001,"We Work","+4420 3695 7895",,"WeWork, 8th Floor","10 York Road",Lambeth,London,"SE1 7ND",,,1,#FF99CC,portal/encore/UserFiles/SysDocs/bb_encore_clients/10000/103/WeWork-logo.jpg,9,WEW001,41100,1.00000000,0,144a2f7104a370405a480d0f4836f82d,0,9,"2019-02-28 13:52:17",32,"2020-02-17 13:04:32"
104,21CON001,"21 Construction",02033070021,hello@21.construction,"4th floor","Boundary House","91-93 Charterhouse, Barbican",London,"EC11 GHR",,,1,,"portal/encore/UserFiles/SysDocs/bb_encore_clients/10000/104/21 Logo.png",9,TOC001,41201,1.00000000,1,e3d0bef8515e610cece2e1818dfa1339,0,9,"2019-03-22 16:17:49",32,"2019-11-28 10:49:03"
105,PATCON01,"Paterson Contracts Ltd",07545037102,darren@paterson-contracts.co.uk,"310 Crofton Road",Orpington,,Kent,"BR6 8NW",,,1,#660099,portal/encore/UserFiles/SysDocs/bb_encore_clients/10000/105/Logo.jpg,11,PAT001,41201,1.00000000,1,7030df02d4306451498a87d479803708,0,11,"2019-03-28 10:15:30",32,"2019-11-28 12:19:35"
106,BDS001,BDS,02073539841,ktr@bds-architecture.com,"25 Holborn Viaduct","Fitz Elywin House","Third Floor",London,"EC1A 2BP",,,1,#000000,portal/encore/UserFiles/SysDocs/bb_encore_clients/10000/106/BDS.jpg,9,,41201,1.00000000,1,44b15b7d4b45002be17be61d52c897ed,0,9,"2019-04-24 14:30:47",32,"2019-11-28 10:58:31"
107,VER001,"Verity Interiors","07917 781758",james.bowden@verity-interiors.com,"Westminster House","70 Packhorse Road","Gerrards Cross",Bucks,"SL9 8HY",967,,1,#CC6699,portal/encore/UserFiles/SysDocs/bb_encore_clients/10000/107/Logo.png,9,VER01,41201,1.00000000,0,769ccfc3b158ae245f8e50e5b840bfe0,0,9,"2019-06-18 07:42:55",9,"2020-06-22 08:10:13"
108,KPM001,"K.P.M Construction Limited","020 8314 1520",info@kpmctn.co.uk,"102 Brockley Rise","Forest Hill",,London,"SE23 1LN",,,1,#CCCCFF,"portal/encore/UserFiles/SysDocs/bb_encore_clients/10000/108/KPM Construction.png",9,KPM01,41201,1.00000000,1,d42749b223e536ade09f5f5b48f506e0,0,9,"2019-07-09 08:49:28",9,"2020-03-05 11:56:04"
109,MOR001,"Morgan Lovell Southern","01344 353800",graham.collins@morganlovell.com,"Morgan Lovell Southern","Maxis 1, Western Road",Bracknell,Berkshire,"RG12 1RT",,,1,#FFCC66,portal/encore/UserFiles/SysDocs/bb_encore_clients/10000/109/Logo.jpg,9,MOR01,41201,1.00000000,0,21c7f81b2152648f8efc788520a5cc01,0,9,"2019-07-15 11:55:41",32,"2020-06-05 11:22:04"
110,OD002,"OD Developments and Projects","020 7562 7800",info@od-group.com,"9th Floor","55 Old Broad Street",,London,"EC2M 1RX",,,1,#669933,"portal/encore/UserFiles/SysDocs/bb_encore_clients/10000/110/OD Projects logo.PNG",9,ODD001,41201,1.00000000,0,fa7d29403ffe8af1bc75d1e52feba377,0,9,"2019-07-18 08:31:50",9,"2020-11-20 08:29:39"
111,OVE02,"Overbury North","020 7307 9000",danny.parmar@overbury.com,"207 Fort Dunlop","Fort Parkway",,Birmingham,"B24 9FD",,,1,#FFCC66,portal/encore/UserFiles/SysDocs/bb_encore_clients/10000/111/Logo.png,9,OVN001,41201,1.00000000,0,ccbc0edd19249ede96f01e2d4feb52ea,0,9,"2019-08-05 13:48:24",9,"2020-08-25 10:32:28"
112,HMS01,"HMS Holdings","01782 898122",neil@hmsholdings.co.uk,"HMS House, Birch Street","Northwood, Hanley","Stoke On Trent",Staffordshire,"ST1 6PZ",,,1,#990033,portal/encore/UserFiles/SysDocs/bb_encore_clients/10000/112/Logo.png,9,HMS01,41201,1.00000000,0,b189415a966e28a708cf764833d52b6c,0,9,"2019-09-16 09:45:33",31,"2019-11-18 11:57:28"
113,OM001,OptiMorph,"01233 713 706",enquiries@optimorph.co.uk,"Raywood Office Complex","Leacon Ln,",Charing,Ashford,"TN27 0ET",,,1,,portal/encore/UserFiles/SysDocs/bb_encore_clients/10000/113/Optimorph.jpg,9,OPM01,41201,1.00000000,0,f974fa59bd5e88d9db17a757f81a8e5d,0,9,"2019-09-16 11:26:28",32,"2019-11-28 12:09:51"
114,Thrid001,"Third Way","020 3613 4736",hello@thirdwayinteriors.com,"Morelands,",,"Old Street",London,"EC1V 9HL",,,1,,portal/encore/UserFiles/SysDocs/bb_encore_clients/10000/114/Thirdway.png,9,TWC01,41201,1.00000000,1,6cda2d104da820141f597a0c9e5c341b,0,9,"2019-09-25 16:15:37",32,"2020-02-04 09:03:52"
115,MM001,"M Moser","020 7621 5400",london-enquiry@mmoser.com,"St Magnus House","3 Lower Thames Street",,London,"EC3R 6HD",,,1,#CC9966,portal/encore/UserFiles/SysDocs/bb_encore_clients/10000/115/Logo.png,9,MMA01,41201,1.00000000,0,eaa9608f11e4b6e287ebe0011c7e89d8,0,9,"2019-10-08 09:42:24",32,"2019-11-28 11:49:17"
116,PAR001,"Paragon BC /COMMONWEALTH PALL MALL","020 7125 0112",SteffenBacker-Rowley@paragonbc.co.uk,"PKS Immobilien GmbH & Co KG c/o Farmer ukre 17 The Granary, Hones Yard","1 Waverley Lane",Farnham,Surrey,"GU9 8BB",,,1,,portal/encore/UserFiles/SysDocs/bb_encore_clients/10000/116/Paragon.png,,PAR01,41201,1.00000000,1,bfd63207a85f3c44ec1ccb863cfc2b98,0,9,"2019-10-11 13:04:31",32,"2019-12-19 12:33:44"
117,ISG001,ISG,"020 7247 1717",email@isgplc.com,"ISG Plc","Boleyn House","St. Augustines Business Park,",Whitstable,"CT5 2QJ",,,1,#FF0000,portal/encore/UserFiles/SysDocs/bb_encore_clients/10000/117/Logo.gif,9,ISG01,41201,1.00000000,0,f5f66f9d759dbca5ae757ee941d28f58,0,9,"2019-10-29 14:45:31",32,"2019-12-05 15:18:47"
118,EW001,EnviroWaste,"020 3773 1132",www.envirowaste.co.uk,"Enviro Waste London Ltd","First Floor Village Hosue","Leyton Industrial Village",London,"E10 7QP",,,1,#FFCC66,"portal/encore/UserFiles/SysDocs/bb_encore_clients/10000/118/Enviro Waste Logo.png",,ENVWL01,41201,1.00000000,1,d520bdb6cb824b04e6739aa3ca090418,0,32,"2019-11-19 12:06:46",32,"2019-12-19 12:32:51"
119,VERT001,Verte,"0207 427 6080",admin@verteltd.com,"Impact Hub Islington","27 Dingley Place",,London,"EC1V 8BR",,,1,,portal/encore/UserFiles/SysDocs/bb_encore_clients/10000/119/Verte.png,,VERT01,,0.01000000,1,6ea670c6158084ee2fa0ecfbeac68a0e,0,9,"2019-12-19 09:58:10",32,"2020-01-20 16:57:19"
120,QU001,Quarme,"020 7582 0748",mail@quarme.com,"7 Bishops Terrace",,,London,"SE11 4UE",,,1,,portal/encore/UserFiles/SysDocs/bb_encore_clients/10000/120/GQA_Logo_Website.jpg,,,,0.01000000,1,6f4e8da1bba3e3afe1056595ad5e4514,0,9,"2019-12-24 09:42:36",32,"2020-01-20 16:56:54"
121,Arch001,"Admiralty Arch","020 3675 7000",sross@admiraltyarch.co.uk,"Admiralty Arch","The Mall",,London,"SW1A 2WH",,,1,,portal/encore/UserFiles/SysDocs/bb_encore_clients/10000/121/AdmiraltyArch-2-1200x900.gif,,ADM001,,0.01000000,1,fe49f2bb71ac79230bff83a29e38441c,0,32,"2020-01-02 09:49:30",32,"2020-01-16 09:48:57"
122,MP001,"Metals & Plant Ltd",07834622625,danielmacpherson@metalsandplant.co.uk,"Unit 12,","Bailey Drive,",,Sheffield,"S21 2JF",,,1,,,9,MPL001,,0.01000000,1,7ac2c9516b5e42062bf8d01c416b945c,0,32,"2020-01-03 11:12:26",32,"2020-01-09 14:48:33"
123,MC001,McLaren,"01277 205 800",Chris.Walter@mclarengroup.com,"McLaren Site Offices","Silver Carpark","Engineers Way",London,"HA9 0WS",,,1,,portal/encore/UserFiles/SysDocs/bb_encore_clients/10000/123/MCLAREN-min.png,9,MCL001,,0.01000000,1,d62ec48c30ec7d2a0b82fec6dc944907,0,9,"2020-01-06 10:55:10",32,"2020-01-16 11:43:35"
124,BCL001,"Blackburn & Co",02030029227,seb@blackburnltd.com,"1 Clink Street",,,London,"SE1 9DG",,,0,,portal/encore/UserFiles/SysDocs/bb_encore_clients/10000/124/xBlackBurnLogo.jpg.pagespeed.ic.15Ek8AmDlB.jpg,,BLK001,,0.01000000,1,a708ca0a89c468f24ebfb838d0aa2b68,0,32,"2020-01-23 13:12:07",32,"2020-01-23 16:10:27"
125,ODC001,"OD Construction Ltd","020 7562 7800",chris.edwards@od-group.com,"9th Floor","55 Old Broad Street",,London,"EC2M 1RX",,,1,,portal/encore/UserFiles/SysDocs/bb_encore_clients/10000/125/dvML0VGp.jpeg,9,ODC001,,1.00000000,0,7760720799e63400a7d14d0833354fc7,0,32,"2020-02-12 11:26:40",32,"2020-06-25 12:14:44"
126,ODS001,"OD Solutions UK Ltd","020 7562 7800",info@od-group.com,"9th Floor","55 Old Broad Street",,London,"EC2M 1RX",,,1,,"portal/encore/UserFiles/SysDocs/bb_encore_clients/10000/126/OD Solutions.png",9,ODS001,41201,1.00000000,0,f21ee154c8a090cf982e0d9144eecef0,0,32,"2020-02-14 15:14:01",32,"2020-09-21 15:13:47"
127,EHP001,"Emerald Hill Properties Limited","07748 900896",,"C/O Mayfair Trust Management","AG Forchweg 9",Zurich,SWITZERLAND,,,,1,,,,EHP001,,,1,d8c676bf6e46859ae8e7bc5cc45f1dee,0,9,"2020-03-09 09:37:19",48,"2020-09-24 14:24:16"
128,JAI001,"J & I Chasers Ltd","07743 894 028",jandichasers@outlook.com,"Alva House","Valley Drive","Marling Cross",Kent,"DA12 5UE",,,1,,portal/encore/UserFiles/SysDocs/bb_encore_clients/10000/128/JI-Ltd-NEW-Logo-version-d-outlined-v2-190x300.jpg,9,JIC001,41201,0.01000000,0,cb45adf889d5b584c3ee9b90330a461f,0,32,"2020-03-10 14:07:00",32,"2020-06-05 13:23:49"
129,AM001,"Ambit Moat Ltd","020 3176 177",info@ambitmoat.com,"Ambit Moat Ltd","Francis House",,London,"SW1P 1DE",,,1,#9999FF,portal/encore/UserFiles/SysDocs/bb_encore_clients/10000/129/Logo.png,9,Amb001,96090,1.00000000,0,e61cd17d526d256ff3ab3ea891cb90d7,0,9,"2020-04-16 09:58:10",32,"2020-05-29 14:33:21"
130,DAW001,"Dartford Warbler",,,"54 Oxford Road",Denham,,London,"UB9 4DN",,,1,#660066,portal/encore/UserFiles/SysDocs/bb_encore_clients/10000/130/Logo.png,,DAR001,41201,,0,43c03fe9abc9e6680f6568612556e7da,0,9,"2020-04-29 09:44:12",48,"2020-09-24 14:19:58"
131,CANVAS001,"Canvas Projects Ltd",,,"Canvas Projects Ltd","67 Burwood Road","Walton on Thames",Surrey,"KT12 4AE",,,1,#CC6633,,9,CAN001,41201,1.00000000,0,ed1ec2f459c2f42c2f62a41cce91aa63,0,9,"2020-04-29 09:48:36",32,"2020-05-18 16:57:24"
132,ITC001,"ITC Concepts","020 8296 1800",info@builtbyitc.com,"ITC Concepts Ltd","Annecy Court,  Ferry Works Summer Road",Ditton,Surrey,"KT7 0QJ",1144,,1,,portal/encore/UserFiles/SysDocs/bb_encore_clients/10000/132/Logo.png,9,ITC001,71129,,0,8b2e80a48cca58ee39228569980540fb,0,9,"2020-05-28 14:20:39",9,"2020-06-24 09:43:17"
133,80001,"800 Group","01707 663075",info@800group.net,"Cranborne Road","Cranborne Road","Potters Bar",Hertfordshire,"EN6 3JN",,,1,#CC0000,portal/encore/UserFiles/SysDocs/bb_encore_clients/10000/133/Logo.jpg,9,GRO001,41201,0.01000000,0,0a5b79f0c27534c295d190edf0499797,0,9,"2020-06-02 10:27:06",9,"2020-11-20 08:30:32"
134,MLS001,"Milestone Contracting","01895 602 660",Michael.Edward@milestone-uk.co.uk,"6 Beauchamp Court","10 Victors Way",Barnet,,"EN5 5TZ",,,1,#33CCFF,portal/encore/UserFiles/SysDocs/bb_encore_clients/10000/134/Milestone.jpg,9,MIL001,41201,1.00000000,0,85673c6587f4ab26d4a6bb6d6694b1aa,0,32,"2020-06-05 13:01:13",9,"2020-06-24 09:42:58"
135,CE001,"Charles Edward","020 3929 6509",hello@charlesedwardltd.com,"Level 4","27-32 Old Jewry",,London,"EC2R 8DQ",,,1,#CC9933,portal/encore/UserFiles/SysDocs/bb_encore_clients/10000/135/CE.jpg,9,,,1000.00000000,0,c7a5322619f51a4045ec829d97f2187e,0,32,"2020-06-05 13:06:28",32,"2020-06-05 13:06:28"
136,ISGSAIN001,ISG/Sainsbury's,"020 7247 1717",email@isgplc.com,"ISG Plc","Boleyn House","St. Augustines Business Park,",Whitstable,"CT5 2QJ",,,1,#FF0000,"portal/encore/UserFiles/SysDocs/bb_encore_clients/10000/136/ISG Sainsburys logo x 2.PNG",9,ISG01,41201,1.00000000,0,f2182b8853ae7dfba4adecd36438a6a1,0,9,"2020-06-05 13:31:06",9,"2020-06-05 13:40:10"
137,OVEMAJ001,"Overbury Major Projects","020 7307 9000",,"77 Newman Street",Fitzrovia,,London,"W1T 3EW",,,1,,portal/encore/UserFiles/SysDocs/bb_encore_clients/10000/137/Logo.jpg,9,,41201,,0,c54e12a5071de1b9804684b94d8518b4,0,9,"2020-06-08 12:40:50",9,"2020-06-08 12:40:50"
138,STA001,"Acre Invest Luton Ltd",,,"C/O Acre Invest Luton Ltd","Vaugan Chambers, Vaughan Road",,Harpenden,"AL5 4EE",,,1,#0066FF,"portal/encore/UserFiles/SysDocs/bb_encore_clients/10000/138/Acre Invest.jpg",9,ACR001,41201,,0,6f188ba58c966a37fd3e8f6fb3b6857e,0,9,"2020-06-09 16:01:20",32,"2020-10-01 13:38:12"
139,LAT001,"Latitude Contract Interiors Ltd","01992 535294",info@latitudeinteriors.com,"6 Manor Road",Haverhill,,Suffolk,"CB9 0EP",,,1,#00CC99,portal/encore/UserFiles/SysDocs/bb_encore_clients/10000/139/LAT.png,9,LAT001,41201,0.01000000,0,e752aeef9f3639e6e007b3a3f50c8772,0,32,"2020-06-10 15:38:21",9,"2020-11-20 08:30:17"
140,Noun001,"Nounsley Consulting Services LTD",,asharrocks@nounsleycs.com,"47 Butt Road",,,Colchester,"CO3 3BZ",,,1,,"portal/encore/UserFiles/SysDocs/bb_encore_clients/10000/140/Nounsley Consulting.jpg",9,KIW001,41201,0.01000000,0,16882090bc5662e1f5ecce47be20955f,0,32,"2020-07-15 15:02:04",32,"2020-07-20 09:13:39"
141,CLS001,"Construction Logistic Services","0207 157 9520",info@constructionlogisticsservices.com,"17 Rosedale",Ashtead,,Surrey,"KT21 2JJ",,,1,#CC3399,portal/encore/UserFiles/SysDocs/bb_encore_clients/10000/141/CLS.png,9,CLSL,41201,1000.00000000,0,caada08b4eea51a88194d70d1e29ab23,0,9,"2020-08-25 15:01:05",32,"2020-09-03 11:30:32"
142,MAKONE001,"Make One Group","0207 464 4280",,"1 Royal Exchange Avenue",,,London,"EC3V 3LT",,,1,#FFCCCC,"portal/encore/UserFiles/SysDocs/bb_encore_clients/10000/142/Make One.jpg",9,MAKEON001,41201,1.00000000,0,de8a91239c90ab28585e9fe31dcff693,0,32,"2020-08-27 11:34:16",9,"2020-08-28 14:26:38"
143,RED001,"RED Construction","0207 100 7020",ckeating@redconstruction.co.uk,"Estate Office","Oakley House","Church Lane",Oakley,"MK43 7ST",,,1,#00CCFF,"portal/encore/UserFiles/SysDocs/bb_encore_clients/10000/143/RED Construction.png",9,REDCON001,41201,1000.00000000,0,8d9fd0da9cf9c8e02fbc6219292e3cad,0,32,"2020-08-28 09:42:37",9,"2020-08-28 14:38:07"
144,SIMP001,"Simpson Studio","0203 884 3500",info@simpson-studio.com,"18a Parsons Green Depot",,,London,"SW6 4HH",,,0,#FFCC99,"portal/encore/UserFiles/SysDocs/bb_encore_clients/10000/144/Simpson Studio.jpg",9,WAG001,,1.00000000,0,8d56f8bb8e19aa1fe70179345f56d3f4,0,32,"2020-09-03 13:15:40",9,"2020-09-15 15:52:54"
145,PAY001,"PAYE Stonework and Restoration","020 3889 1684",info@paye.net,"Stationmasters House","Mottingham Station Approach",,London,"SE9 4EL",,,1,#660033,portal/encore/UserFiles/SysDocs/bb_encore_clients/10000/145/PAYE.tiff,9,PAYE001,43999,1.00000000,0,1a8c1dd92645ef8fd25c8fef55f9951f,0,9,"2020-09-08 08:00:50",32,"2020-12-07 10:55:39"
146,CAST001,"Cast Interiors","020 8895 4000",hello@castinteriors.uk,"Cast Fit Out Limited","1 Ropemaker St,",,London,"EC2Y 9HT",,,1,#33CC99,"portal/encore/UserFiles/SysDocs/bb_encore_clients/10000/146/Cast Interiors.png",9,CAS001,41201,1.00000000,0,4d38f90710f37144bfd780d828d1ddfe,0,32,"2020-09-08 16:00:11",9,"2020-10-06 16:17:33"
147,AIRED001,"ACRE INVEST Redbourne",,,"Vaugan Chambers, Vaughan Road",,,Harpenden,"AL5 4EE",,,1,,"portal/encore/UserFiles/SysDocs/bb_encore_clients/10000/147/Acre Invest.jpg",9,REDBOU001,41201,,0,62132cae6c3d5b0b3ee87b092a8d757a,0,32,"2020-09-30 14:33:34",32,"2020-10-01 13:38:39"
148,SBA001,"Spice Bazzar Restaurant and Takeaway","0116 270 5110 / 07930 221352",abdulgiash@gmail.com,"Maa Restaurants Limited","326 Welford Road",,Leicester,"LE2 6EG",,,1,#990000,,9,MAA001,56101,,0,aa3ec8c118f3888f0c8e768dda728b9c,0,9,"2020-10-01 13:42:19",9,"2020-11-30 11:40:45"
149,TJM/MSA,"TJM/MSA Properties Limited",,tjmgroup@btinternet.com,"10 Cheyne Walk",,,Northampton,"NN1 2PT",,,1,#33CC99,,9,MSA001,41201,,0,ff04361c327d112f55d96bdca0864166,0,9,"2020-10-16 14:18:12",9,"2020-10-16 14:18:12"
150,MOD001,"Modus Workspace","020 7828 9009",info@modygroup.com,"Gordon House","Greencoat Place",,London,"SW1P 1PH",,,1,#CC6666,portal/encore/UserFiles/SysDocs/bb_encore_clients/10000/150/Modus.png,9,MOD001,41201,0.01000000,0,9a96e14fd020169030623ab14a53b920,0,32,"2020-10-19 14:01:50",32,"2020-10-20 10:49:10"
151,Two001,"Two Ltd","020 7828 9009",hello@wearetwo.com,"Gordon House","Greencoat Place",,London,"SW1P 1PH",,,1,#99CCCC,portal/encore/UserFiles/SysDocs/bb_encore_clients/10000/151/Two.png,9,TWO001,41201,0.01000000,0,f5201b0c124c192e7d7439a26783cc11,0,32,"2020-10-19 14:05:34",32,"2020-10-20 10:48:50"
152,OVERSOU,"Overbury Southern","01344 386600",,"Maxis 1","Western Road",,Bracknell,"RG12 1RT",,,1,#FFCC33,portal/encore/UserFiles/SysDocs/bb_encore_clients/10000/152/Logo.jpg,9,,41201,,0,2ff9b5b73e42879d3dc0dc2cbba6e8b7,0,9,"2020-11-03 15:59:21",9,"2020-11-03 15:59:22"
153,MICH001,"Michael Engineering LTD",07432684292,mverseckas@yahoo.com,"95 High Street","Office B",,"Great Missenden","HP16 0AL",,,1,#CC00FF,,9,MIC002,41201,1.00000000,0,01f45d752f3363e2522b4566bcd606da,0,9,"2020-11-20 07:36:45",9,"2020-11-24 10:42:12"
154,APR001,"APR Group Ltd",02038026727,info@aprgroup.co.uk,"Glen Lynn","Upper Sunbury Road",Hampton,,"TW12 2DL",,,1,#CC3300,,9,APR001,41201,1.00000000,0,412be47b42235e6d659d60df228ae5c7,0,32,"2020-11-25 15:13:42",9,"2020-12-04 08:36:33"
